{
    "_comment": "This file contains demographic data for calculations. Replace placeholder values with actual statistics.",
    "total_population": 12782809,
    "maritalStatus": {
      "_comment": "DONE -  Percentages of females by marital status. Values should sum to 1.0.",
      "married": 0.56,
      "single": 0.44
    },
    "obesityRates": {
      "_comment": "DONE - Proportion of non-obese and obese females. Total should be 1.0.",
      "nonObese": 0.819,
      "obese": 0.181
    },
    "ageDistribution": {
      "_comment": "DONE - Distribution of the female population by age range. Sum should equal 1.0.",
    "18 years": 0.012554182679201538,
    "19 years": 0.012451906390622654,
    "20 years": 0.012942662630306674,
    "21 years": 0.01348818766802878,
    "22 years": 0.013842446776354123,
    "23 years": 0.013929427970417433,
    "24 years": 0.014308638167270706,
    "25 years": 0.01494338458966699,
    "26 years": 0.015452757585806833,
    "27 years": 0.015879552521153,
    "28 years": 0.016781499609859217,
    "29 years": 0.017339693311725538,
    "30 years": 0.01798710839826603,
    "31 years": 0.018975109705610373,
    "32 years": 0.019424383795017305,
    "33 years": 0.019548289510183867,
    "34 years": 0.020136609913368738,
    "35 years": 0.020395776792660393,
    "36 years": 0.021350638728554326,
    "37 years": 0.022591472583118218,
    "38 years": 0.023254337260078483,
    "39 years": 0.023958684087315833,
    "40 years": 0.023174076637847773,
    "41 years": 0.022291055297405774,
    "42 years": 0.022792626250383634,
    "43 years": 0.022653888928414093,
    "44 years": 0.022188547264970594,
    "45 years": 0.022048805719623768,
    "46 years": 0.02220646878985753,
    "47 years": 0.02145623667907346,
    "48 years": 0.02066220497944934,
    "49 years": 0.019885631316999563,
    "50 years": 0.01914374198504217,
    "51 years": 0.01841707049964825,
    "52 years": 0.017792211815120623,
    "53 years": 0.017201728469276985,
    "54 years": 0.01684267998792151,
    "55 years": 0.01666678640099242,
    "56 years": 0.01677037590475698,
    "57 years": 0.016949127665913732,
    "58 years": 0.017321694538886503,
    "59 years": 0.017739219719980808,
    "60 years": 0.01787927025713603,
    "61 years": 0.018525372128490845,
    "62 years": 0.019631949042306928,
    "63 years": 0.02085223494161252,
    "64 years": 0.021493006704272514,
    "65 years": 0.021811731754632385,
    "66 years": 0.02151363190748291,
    "67 years": 0.021602853292157085,
    "68 years": 0.020663749938491318,
    "69 years": 0.020406668753906333,
    "70 years": 0.019878601753358566
    },
    
    
      "heightDistribution": [
        { "height": 140, "cumulativePercentage": 0.999 },
        { "height": 145, "cumulativePercentage": 0.994 },
        { "height": 150, "cumulativePercentage": 0.979 },
        { "height": 155, "cumulativePercentage": 0.929 },
        { "height": 160, "cumulativePercentage": 0.809 },
        { "height": 165, "cumulativePercentage": 0.589 },
        { "height": 170, "cumulativePercentage": 0.339 },
        { "height": 175, "cumulativePercentage": 0.159 },
        { "height": 180, "cumulativePercentage": 0.069 },
        { "height": 185, "cumulativePercentage": 0.039 },
        { "height": 190, "cumulativePercentage": 0.004 }
      ],
      
      "incomeDistribution": [
        { "income": 4070.49, "cumulativePercentage": 0.838 },
        { "income": 6105.74, "cumulativePercentage": 0.568 },
        { "income": 8140.98, "cumulativePercentage": 0.34 },
        { "income": 10176.23, "cumulativePercentage": 0.2 },
        { "income": 12211.47, "cumulativePercentage": 0.126 },
        { "income": 14246.72, "cumulativePercentage": 0.086 },
        { "income": 16281.96, "cumulativePercentage": 0.062 },
        { "income": 18317.21, "cumulativePercentage": 0.047 },
        { "income": 20352.45, "cumulativePercentage": 0.036 },
        { "income": 22387.70, "cumulativePercentage": 0.028 },
        { "income": 24422.94, "cumulativePercentage": 0.022 },
        { "income": 30000, "cumulativePercentage": 0.0 }
      ]
    }