{
    "_comment": "This file contains demographic data for calculations. Replace placeholder values with actual statistics.",
    "total_population": 18980357,
    "maritalStatus": {
      "_comment": "DONE -  Percentages of females by marital status. Values should sum to 1.0.",
      "married": 0.56,
      "single": 0.44
    },
    "obesityRates": {
      "_comment": "DONE - Proportion of non-obese and obese females. Total should be 1.0.",
      "nonObese": 0.819,
      "obese": 0.181
    },
    "ageDistribution": {
      "_comment": "DONE - Distribution of the female population by age range. Sum should equal 1.0.",
    "0-18": 0.1740573688893207,
    "19": 0.008492674821659045,
    "20": 0.008827389284616722,
    "21": 0.009199458155607926,
    "22": 0.0094410763717458,
    "23": 0.009500400861796224,
    "24": 0.009759036671438794,
    "25": 0.010191957927872483,
    "26": 0.010539369728398681,
    "27": 0.010830460143610577,
    "28": 0.011445622440083713,
    "29": 0.011826331822947272,
    "30": 0.012267893591253316,
    "31": 0.01294174814520085,
    "32": 0.013248170200381373,
    "33": 0.013332678621376827,
    "34": 0.013733935562961224,
    "35": 0.013910697254008446,
    "36": 0.01456194949336306,
    "37": 0.015408245482421642,
    "38": 0.015860344460328118,
    "39": 0.01634073584601175,
    "40": 0.01580560365645388,
    "41": 0.01520334944174127,
    "42": 0.015545439951419248,
    "43": 0.015450815809207381,
    "44": 0.015133435056042413,
    "45": 0.015038125995206517,
    "46": 0.015145658219178912,
    "47": 0.014633971320982002,
    "48": 0.014092411433567872,
    "49": 0.013562758593002228,
    "50": 0.013056761787989552,
    "51": 0.0125611441344333,
    "52": 0.012134966692143883,
    "53": 0.011732234541215426,
    "54": 0.01148734979010142,
    "55": 0.011367383658800518,
    "56": 0.011438035649171403,
    "57": 0.011559951164248386,
    "58": 0.011814055973762769,
    "59": 0.012098824063214407,
    "60": 0.01219434386824231,
    "61": 0.012635009973732318,
    "62": 0.013389737611363159,
    "63": 0.014222019111653168,
    "64": 0.014659049879831028,
    "65": 0.01487643251388791,
    "66": 0.014673117054647602,
    "67": 0.014733969440090089,
    "68": 0.014093465154527916,
    "69": 0.01391812598677675,
    "70": 0.013557964162634033,
    "70+": 0.1524669425343264 
    },
    "heightDistribution": {
      "_comment": "Proportion of females taller than the given height thresholds.",
      "over_150_cm": 1.0,
      "over_160_cm": 0.85,
      "over_170_cm": 0.65,
      "over_180_cm": 0.3,
      "over_190_cm": 0.1,
      "over_200_cm": 0.02
    },
    "incomeDistribution": {
      "_comment": "Proportion of females earning above the specified income levels.",
      "over_5000_zl": 0.45,
      "over_10000_zl": 0.18,
      "over_15000_zl": 0.08,
      "over_20000_zl": 0.04,
      "over_30000_zl": 0.01
    }
}