{
    "_comment": "This file contains demographic data for calculations. Replace placeholder values with actual statistics.",
    "total_population": 17773379,
    "maritalStatus": {
      "_comment": "DONE - Percentages of males by marital status. Values should sum to 1.0.",
      "married": 0.56,
      "single": 0.44
    },
    "obesityRates": {
      "_comment": "DONE - Proportion of non-obese and obese males. Total should be 1.0.",
      "nonObese": 0.799,
      "obese": 0.201
    },
    "ageDistribution": {
      "_comment": "DONE - Distribution of the male population by age range. Sum should equal 1.0.",
    "0-18": 0.1960129809869018,
    "19": 0.00948148351531805,
    "20": 0.009855413537290799,
    "21": 0.010232606866707789,
    "22": 0.01051432032142003,
    "23": 0.010578517455797234,
    "24": 0.010923527822143442,
    "25": 0.011365087077701995,
    "26": 0.011806590069339094,
    "27": 0.012062872231554844,
    "28": 0.012725942545871553,
    "29": 0.013262025189470162,
    "30": 0.0137125866724611,
    "31": 0.014535333995859764,
    "32": 0.014842535006989949,
    "33": 0.01491342754801999,
    "34": 0.015261082318674462,
    "35": 0.01553503135222627,
    "36": 0.016168225524251748,
    "37": 0.017109070818779028,
    "38": 0.017621410087524717,
    "39": 0.018049297210170335,
    "40": 0.017516646665780324,
    "41": 0.01671415435410453,
    "42": 0.016975387741408093,
    "43": 0.016934708926197996,
    "44": 0.016438179819380436,
    "45": 0.016322444932952818,
    "46": 0.01632486428157527,
    "47": 0.01576588222194553,
    "48": 0.015175729949831148,
    "49": 0.01451125303747813,
    "50": 0.013943606333944716,
    "51": 0.013267426525929594,
    "52": 0.012829693217029807,
    "53": 0.012255744954293723,
    "54": 0.011979939211333985,
    "55": 0.011773450619603621,
    "56": 0.011714035918549871,
    "57": 0.011768724450201619,
    "58": 0.011914954382056446,
    "59": 0.012001825876778973,
    "60": 0.011971387095273218,
    "61": 0.012204601049693477,
    "62": 0.012672548084413211,
    "63": 0.013272040167488692,
    "64": 0.013493269906639587,
    "65": 0.01342603452050395,
    "66": 0.013039670171890219,
    "67": 0.012847416352287316,
    "68": 0.011998900152863447,
    "69": 0.011588679901553892,
    "70": 0.011040781834450276,
    "70+": 0.09974664918809293  
    },
    "heightDistribution": {
      "_comment": "Proportion of males taller than the given height thresholds.",
      "over_150_cm": 1.0,
      "over_160_cm": 0.9,
      "over_170_cm": 0.7,
      "over_180_cm": 0.4,
      "over_190_cm": 0.15,
      "over_200_cm": 0.05
    },
    "incomeDistribution": {
      "_comment": "Proportion of males earning above the specified income levels.",
      "over_5000_zl": 1,
      "over_10000_zl": 0.2,
      "over_15000_zl": 0.1,
      "over_20000_zl": 0.05,
      "over_30000_zl": 0.02
    }
  }