{
    "_comment": "This file contains demographic data for calculations. Replace placeholder values with actual statistics.",
    "total_population": 12516731,
    "maritalStatus": {
      "_comment": "DONE - Percentages of males by marital status. Values should sum to 1.0.",
      "married": 0.56,
      "single": 0.44
    },
    "obesityRates": {
      "_comment": "DONE - Proportion of non-obese and obese males. Total should be 1.0.",
      "nonObese": 0.799,
      "obese": 0.201
    },
    "ageDistribution": {
      "_comment": "DONE - Distribution of the male population by age range. Sum should equal 1.0.",
    "18 years": 0.013524237348473965,
    "19 years": 0.013281337001690766,
    "20 years": 0.01380512535494227,
    "21 years": 0.014333484837367499,
    "22 years": 0.014728099385175246,
    "23 years": 0.014818024529782522,
    "24 years": 0.015301303221046171,
    "25 years": 0.01591982428579456,
    "26 years": 0.01653826653797099,
    "27 years": 0.016897257803252453,
    "28 years": 0.017826063963810528,
    "29 years": 0.01857699014945307,
    "30 years": 0.019208121225715188,
    "31 years": 0.020360597465498023,
    "32 years": 0.020790914108404012,
    "33 years": 0.020890217949074627,
    "34 years": 0.021377200831220435,
    "35 years": 0.02176093924409759,
    "36 years": 0.022647895928944478,
    "37 years": 0.023965799757273042,
    "38 years": 0.02468346703754812,
    "39 years": 0.025282836647310035,
    "40 years": 0.024536718028557104,
    "41 years": 0.02341261431468016,
    "42 years": 0.02377854108629417,
    "43 years": 0.02372155959676651,
    "44 years": 0.023026038649212415,
    "45 years": 0.02286392118868904,
    "46 years": 0.022867310129283353,
    "47 years": 0.022084307226852767,
    "48 years": 0.021257642159555893,
    "49 years": 0.0203268656846988,
    "50 years": 0.019531725646186247,
    "51 years": 0.018584556156361304,
    "52 years": 0.01797139434650625,
    "53 years": 0.01716742729993409,
    "54 years": 0.01678108807218223,
    "55 years": 0.01649184593308608,
    "56 years": 0.016408619857095467,
    "57 years": 0.01648522567704137,
    "58 years": 0.0166900595515675,
    "59 years": 0.01681174616267498,
    "60 years": 0.016769108561244184,
    "61 years": 0.017095786672021718,
    "62 years": 0.017751270833019726,
    "63 years": 0.018591018787262093,
    "64 years": 0.01890090982021197,
    "65 years": 0.01880672879671881,
    "66 years": 0.01826552286506397,
    "67 years": 0.017996220306673905,
    "68 years": 0.016807647908933018,
    "69 years": 0.016233025446766795,
    "70 years": 0.015465548621012487 
    },

      
        "heightDistribution": [
          { "height": 0, "cumulativePercentage": 1 },
          { "height": 150, "cumulativePercentage": 0.999 },
          { "height": 155, "cumulativePercentage": 0.994 },
          { "height": 160, "cumulativePercentage": 0.979 },
          { "height": 165, "cumulativePercentage": 0.929 },
          { "height": 170, "cumulativePercentage": 0.809 },
          { "height": 175, "cumulativePercentage": 0.609 },
          { "height": 180, "cumulativePercentage": 0.389 },
          { "height": 185, "cumulativePercentage": 0.209 },
          { "height": 190, "cumulativePercentage": 0.109 },
          { "height": 195, "cumulativePercentage": 0.069 },
          { "height": 200, "cumulativePercentage": 0.054 },
          { "height": 205, "cumulativePercentage": 0.004 }
        ],
        
        "incomeDistribution": [
          { "income": 0, "cumulativePercentage": 1 },
          { "income": 4070.49, "cumulativePercentage": 0.838 },
          { "income": 6105.74, "cumulativePercentage": 0.568 },
          { "income": 8140.98, "cumulativePercentage": 0.34 },
          { "income": 10176.23, "cumulativePercentage": 0.2 },
          { "income": 12211.47, "cumulativePercentage": 0.126 },
          { "income": 14246.72, "cumulativePercentage": 0.086 },
          { "income": 16281.96, "cumulativePercentage": 0.062 },
          { "income": 18317.21, "cumulativePercentage": 0.047 },
          { "income": 20352.45, "cumulativePercentage": 0.036 },
          { "income": 22387.70, "cumulativePercentage": 0.028 },
          { "income": 24422.94, "cumulativePercentage": 0.022 },
          { "income": 30000, "cumulativePercentage": 0.011 },
          { "income": 35000, "cumulativePercentage": 0.008 },
          { "income": 40000, "cumulativePercentage": 0.003 },
          { "income": 45000, "cumulativePercentage": 0.002 },
          { "income": 49000, "cumulativePercentage": 0.001 }
        ]
      }